SkyID,NumberHalos
Sky1,1
Sky2,1
Sky3,1
Sky4,1
Sky5,1
Sky6,1
Sky7,1
Sky8,1
Sky9,1
Sky10,1
Sky11,1
Sky12,1
Sky13,1
Sky14,1
Sky15,1
Sky16,1
Sky17,1
Sky18,1
Sky19,1
Sky20,1
Sky21,1
Sky22,1
Sky23,1
Sky24,1
Sky25,1
Sky26,1
Sky27,1
Sky28,1
Sky29,1
Sky30,1
Sky31,1
Sky32,1
Sky33,1
Sky34,1
Sky35,1
Sky36,1
Sky37,1
Sky38,1
Sky39,1
Sky40,1
Sky41,1
Sky42,1
Sky43,1
Sky44,1
Sky45,1
Sky46,1
Sky47,1
Sky48,1
Sky49,1
Sky50,1
Sky51,1
Sky52,1
Sky53,1
Sky54,1
Sky55,1
Sky56,1
Sky57,1
Sky58,1
Sky59,1
Sky60,1
Sky61,1
Sky62,1
Sky63,1
Sky64,1
Sky65,1
Sky66,1
Sky67,1
Sky68,1
Sky69,1
Sky70,1
Sky71,1
Sky72,1
Sky73,1
Sky74,1
Sky75,1
Sky76,1
Sky77,1
Sky78,1
Sky79,1
Sky80,1
Sky81,1
Sky82,1
Sky83,1
Sky84,1
Sky85,1
Sky86,1
Sky87,1
Sky88,1
Sky89,1
Sky90,1
Sky91,1
Sky92,1
Sky93,1
Sky94,1
Sky95,1
Sky96,1
Sky97,1
Sky98,1
Sky99,1
Sky100,1
Sky101,2
Sky102,2
Sky103,2
Sky104,2
Sky105,2
Sky106,2
Sky107,2
Sky108,2
Sky109,2
Sky110,2
Sky111,2
Sky112,2
Sky113,2
Sky114,2
Sky115,2
Sky116,2
Sky117,2
Sky118,2
Sky119,2
Sky120,2
Sky121,2
Sky122,2
Sky123,2
Sky124,2
Sky125,2
Sky126,2
Sky127,2
Sky128,2
Sky129,2
Sky130,2
Sky131,2
Sky132,2
Sky133,2
Sky134,2
Sky135,2
Sky136,2
Sky137,2
Sky138,2
Sky139,2
Sky140,2
Sky141,2
Sky142,2
Sky143,2
Sky144,2
Sky145,2
Sky146,2
Sky147,2
Sky148,2
Sky149,2
Sky150,2
Sky151,2
Sky152,2
Sky153,2
Sky154,2
Sky155,2
Sky156,2
Sky157,2
Sky158,2
Sky159,2
Sky160,2
Sky161,2
Sky162,2
Sky163,2
Sky164,2
Sky165,2
Sky166,2
Sky167,2
Sky168,2
Sky169,2
Sky170,2
Sky171,2
Sky172,2
Sky173,2
Sky174,2
Sky175,2
Sky176,2
Sky177,2
Sky178,2
Sky179,2
Sky180,2
Sky181,2
Sky182,2
Sky183,2
Sky184,2
Sky185,2
Sky186,2
Sky187,2
Sky188,2
Sky189,2
Sky190,2
Sky191,2
Sky192,2
Sky193,2
Sky194,2
Sky195,2
Sky196,2
Sky197,2
Sky198,2
Sky199,2
Sky200,2
Sky201,3
Sky202,3
Sky203,3
Sky204,3
Sky205,3
Sky206,3
Sky207,3
Sky208,3
Sky209,3
Sky210,3
Sky211,3
Sky212,3
Sky213,3
Sky214,3
Sky215,3
Sky216,3
Sky217,3
Sky218,3
Sky219,3
Sky220,3
Sky221,3
Sky222,3
Sky223,3
Sky224,3
Sky225,3
Sky226,3
Sky227,3
Sky228,3
Sky229,3
Sky230,3
Sky231,3
Sky232,3
Sky233,3
Sky234,3
Sky235,3
Sky236,3
Sky237,3
Sky238,3
Sky239,3
Sky240,3
Sky241,3
Sky242,3
Sky243,3
Sky244,3
Sky245,3
Sky246,3
Sky247,3
Sky248,3
Sky249,3
Sky250,3
Sky251,3
Sky252,3
Sky253,3
Sky254,3
Sky255,3
Sky256,3
Sky257,3
Sky258,3
Sky259,3
Sky260,3
Sky261,3
Sky262,3
Sky263,3
Sky264,3
Sky265,3
Sky266,3
Sky267,3
Sky268,3
Sky269,3
Sky270,3
Sky271,3
Sky272,3
Sky273,3
Sky274,3
Sky275,3
Sky276,3
Sky277,3
Sky278,3
Sky279,3
Sky280,3
Sky281,3
Sky282,3
Sky283,3
Sky284,3
Sky285,3
Sky286,3
Sky287,3
Sky288,3
Sky289,3
Sky290,3
Sky291,3
Sky292,3
Sky293,3
Sky294,3
Sky295,3
Sky296,3
Sky297,3
Sky298,3
Sky299,3
Sky300,3
